{
  "qwen2.5/gsm8k": {
    "prefix_ratio": 0.6,
    "rouge_l": 0.4186311314229353,
    "em": 0.00530705079605762,
    "answer_accuracy": 0.04852160727824109,
    "num_problems": 1319
  },
  "qwen2.5/math500": {
    "prefix_ratio": 0.6,
    "rouge_l": 0.5997087987621913,
    "em": 0.18,
    "answer_accuracy": 0.122,
    "num_problems": 500
  },
  "qwen3/gsm8k": {
    "prefix_ratio": 0.6,
    "rouge_l": 0.41407781466705074,
    "em": 0.004548900682335102,
    "answer_accuracy": 0.04397270659590599,
    "num_problems": 1319
  },
  "qwen3/math500": {
    "prefix_ratio": 0.6,
    "rouge_l": 0.45889197854053315,
    "em": 0.034,
    "answer_accuracy": 0.102,
    "num_problems": 500
  },
  "olmo3/gsm8k": {
    "prefix_ratio": 0.6,
    "rouge_l": 0.40605224462458145,
    "em": 0.00530705079605762,
    "answer_accuracy": 0.0576194086429113,
    "num_problems": 1319
  },
  "olmo3/math500": {
    "prefix_ratio": 0.6,
    "rouge_l": 0.49314449688434564,
    "em": 0.074,
    "answer_accuracy": 0.126,
    "num_problems": 500
  },
  "mistral/gsm8k": {
    "prefix_ratio": 0.6,
    "rouge_l": 0.3838577962570718,
    "em": 0.002274450341167551,
    "answer_accuracy": 0.06444275966641395,
    "num_problems": 1319
  },
  "mistral/math500": {
    "prefix_ratio": 0.6,
    "rouge_l": 0.40059893497753307,
    "em": 0.016,
    "answer_accuracy": 0.118,
    "num_problems": 500
  }
}