{
  "qwen2.5/math500": {
    "prefix_ratio": 0.6,
    "rouge_l": 0.6003298841328176,
    "em": 0.184,
    "answer_accuracy": 0.192,
    "num_problems": 500
  },
  "qwen3/math500": {
    "prefix_ratio": 0.6,
    "rouge_l": 0.4622670410468479,
    "em": 0.034,
    "answer_accuracy": 0.156,
    "num_problems": 500
  },
  "olmo3/math500": {
    "prefix_ratio": 0.6,
    "rouge_l": 0.5262281848566964,
    "em": 0.074,
    "answer_accuracy": 0.236,
    "num_problems": 500
  },
  "mistral/math500": {
    "prefix_ratio": 0.6,
    "rouge_l": 0.3973869871380554,
    "em": 0.016,
    "answer_accuracy": 0.174,
    "num_problems": 500
  }
}